a-tlg0543.tlg001-9.15.15-s26226-w1	6
a-tlg0011.tlg002-511-s18937-w8	6
a-tlg0008.tlg001-13.55-s14861-w6	4
a-tlg0020.tlg002-571-s33304-w6	3
a-tlg0012.tlg001-23.791-23.792-s24423-w11	8
a-tlg0085.tlg006-505-506-s31655-w8	6
a-tlg0008.tlg001-13.3-s14008-w20	4
a-tlg0008.tlg001-12.57-s16382-w11	9
a-tlg0012.tlg001-1.335-1.336-s8798-w16	5
a-tlg0012.tlg001-1.166-1.168-s8690-w29	5
a-tlg0011.tlg005-705-s30018-w5	3
a-tlg0012.tlg002-14.59-14.61-s32692-w5	11
a-tlg0016.tlg001-1.125.4-s6383-w5	3
a-tlg0008.tlg001-13.23-s14320-w4	2
a-tlg0011.tlg004-466-468-s7693-w10	8
a-tlg0012.tlg002-18.331-18.332-s12193-w14	5
a-tlg0085.tlg002-348-s11656-w4	5
a-tlg0020.tlg002-706-s33377-w10	2
a-tlg0012.tlg001-20.183-s17163-w1	2
a-tlg0012.tlg001-18.96-s9006-w10	8
a-tlg0012.tlg001-19.182-19.183-s26877-w14	12
a-tlg0012.tlg001-8.423-8.424-s13474-w17	14
a-tlg0020.tlg002-706-s33374-w17	5
a-tlg0012.tlg002-15.267-15.268-s24645-w9	6
a-tlg0011.tlg003-586-s2237-w4	2
a-tlg0016.tlg001-1.32-s5671-w16	5
a-tlg0085.tlg003-375-376-s1249-w12	3
a-tlg0016.tlg001-1.85.2-s6051-w9	7
a-tlg0020.tlg002-370-s33185-w11	2
a-tlg0012.tlg001-15.203-s3698-w7	5
a-tlg0543.tlg001-1.5-s12295-w21	19
a-tlg0011.tlg002-1055-s19219-w8	6
a-tlg0011.tlg001-459-s2940-w7	5
a-tlg0012.tlg001-24.205-s28019-w6	4
a-tlg0016.tlg001-1.87.4-s6074-w5	9
a-tlg0085.tlg001-929-s18610-w6	4
a-tlg0543.tlg001-10.28.2-s28869-w5	8
a-tlg0012.tlg002-8.246-8.249-s20735-w39	11
a-tlg0085.tlg001-998-s18645-w7	5
a-tlg0008.tlg001-13.23-s14326-w2	7
a-tlg0012.tlg001-5.892-5.893-s32647-w4	7
a-tlg0085.tlg006-657-s31727-w5	3
a-tlg0011.tlg004-735-s7858-w5	5
a-tlg0012.tlg002-8.552-8.554-s20904-w7	15
a-tlg0543.tlg001-9.36.12-s26448-w6	17
a-tlg0012.tlg002-14.372-s32862-w7	4
a-tlg0016.tlg001-1.179-s6720-w2	4
a-tlg0020.tlg002-11-s32973-w7	4
a-tlg0012.tlg001-4.13-s4632-w8	6
a-tlg0543.tlg001-10.43.3-s29037-w13	26
a-tlg0003.tlg001-1.124.2-s23514-w18	7
a-tlg0012.tlg002-23.172-s34001-w11	8
a-tlg0020.tlg001-1.369-1.370-s10445-w17	7
a-tlg0011.tlg005-701-702-s30015-w16	5
a-tlg0020.tlg002-678-s33359-w7	4
a-tlg0008.tlg001-13.13-s14174-w36	3
a-tlg0012.tlg002-14.393-14.394-s32873-w11	8
a-tlg0012.tlg001-13.773-s17743-w7	5
a-tlg0012.tlg002-18.391-18.392-s12224-w14	5
a-tlg0011.tlg004-545-546-s7724-w12	4
a-tlg0016.tlg001-1.181-s6740-w39	6
a-tlg0543.tlg001-1.73-s13069-w15	14
a-tlg0008.tlg001-13.95-s15452-w9	7
a-tlg0011.tlg003-522-s2193-w4	6
a-tlg0011.tlg005-1047-s30248-w4	5
a-tlg0011.tlg001-1000-1002-s3198-w18	13
a-tlg0011.tlg005-219-220-s29728-w9	7
a-tlg0012.tlg001-2.217-2.218-s31102-w10	7
a-tlg0016.tlg001-1.98.5-s6181-w31	3
a-tlg0085.tlg006-475-s31636-w8	6
a-tlg0011.tlg001-862-863-s3115-w14	2
a-tlg0012.tlg001-9.615-s360-w12	10
a-tlg0011.tlg002-237-s18788-w3	7
a-tlg0012.tlg002-7.310-s13959-w6	3
a-tlg0059.tlg001-urn:cts:greekLit:tlg0059.tlg001:1-s7324-w8	6
a-tlg0085.tlg005-1042-1043-s22357-w14	11
a-tlg0008.tlg001-12.15-s15899-w3	9
a-tlg0011.tlg003-635-640-s2257-w27	24
a-tlg0008.tlg001-13.38-s14552-w12	12
a-tlg0011.tlg004-754-s7876-w7	4
a-tlg0012.tlg002-7.309-7.310-s13958-w14	10
a-tlg0011.tlg003-11-13-s1907-w10	8
a-tlg0085.tlg001-370-s18332-w11	3
a-tlg0012.tlg002-5.218-s32016-w13	3
a-tlg0085.tlg005-553-554-s22154-w12	9
a-tlg0011.tlg002-699-s19044-w8	6
a-tlg0012.tlg002-10.304-s21781-w11	3
a-tlg0012.tlg002-4.837-s27894-w7	3
a-tlg0011.tlg005-1102-s30271-w9	2
a-tlg0020.tlg001-1.942-s10704-w5	3
a-tlg0008.tlg001-12.77-s16667-w4	15
a-tlg0085.tlg007-640-s5278-w2	6
a-tlg0543.tlg001-9.26.10-s26318-w24	21
a-tlg0012.tlg001-23.789-23.790-s24421-w7	4
a-tlg0016.tlg001-1.50-s5782-w29	8
a-tlg0011.tlg004-991-s8017-w3	7
a-tlg0085.tlg003-83-84-s1104-w10	8
a-tlg0085.tlg003-1039-s1609-w6	4
a-tlg0059.tlg001-urn:cts:greekLit:tlg0059.tlg001:1-s7379-w4	5
a-tlg0085.tlg004-395-396-s25645-w9	7
a-tlg0012.tlg002-16.181-16.182-s29483-w23	4
a-tlg0543.tlg001-10.45.3-s29064-w11	11
a-tlg0011.tlg001-947-949-s3164-w13	9
a-tlg0540.tlg012-28-s21435-w17	13
a-tlg0016.tlg001-1.1-s5457-w46	40
a-tlg0011.tlg002-332-s18844-w9	3
a-tlg0085.tlg006-205-208-s31508-w19	12
a-tlg0011.tlg004-1531-1527-s8367-w37	19
a-tlg0012.tlg002-17.386-s17998-w10	7
a-tlg0012.tlg002-13.335-13.338-s25406-w6	5
a-tlg0008.tlg001-12.3, 511a3-s15704-w7	7
a-tlg0016.tlg001-1.183-s6746-w1	9
a-tlg0012.tlg001-24.504-24.506-s28178-w23	3
a-tlg0012.tlg001-1.589-s8946-w6	4
a-tlg0020.tlg002-274-s33144-w27	21
a-tlg0059.tlg001-urn:cts:greekLit:tlg0059.tlg001:1-s7415-w3	11
a-tlg0003.tlg001-1.50.3-s23045-w1	7
a-tlg0020.tlg002-274-s33128-w10	2
a-tlg0012.tlg002-20.218-20.220-s8498-w17	14
a-tlg0008.tlg001-13.18-s14255-w12	15
a-tlg0012.tlg002-6.107-6.108-s25091-w21	3
a-tlg0011.tlg003-1350-s2642-w8	6
a-tlg0012.tlg001-11.793-s19790-w4	3
a-tlg0011.tlg004-1389-1390-s8283-w11	9
a-tlg0016.tlg001-1.110.2-s6242-w24	6
a-tlg0011.tlg003-1250-1252-s2586-w18	8
a-tlg0020.tlg002-765-s33411-w4	12
a-tlg0016.tlg001-1.145-s6509-w6	5
a-tlg0543.tlg001-1.1-s12255-w66	19
a-tlg0008.tlg001-13.79-s15185-w19	18
a-tlg0011.tlg005-7-8-s29655-w10	7
a-tlg0012.tlg001-1.107-1.108-s8660-w5	7
a-tlg0012.tlg002-17.189-17.190-s17881-w5	4
a-tlg0085.tlg005-1604-s22693-w8	6
a-tlg0003.tlg001-1.121-1.146-s23495-w9	8
a-tlg0012.tlg001-22.357-s20274-w10	8
a-tlg0008.tlg001-13.7-s14073-w2	13
a-tlg0020.tlg001-1.823-1.824-s10643-w17	4
a-tlg0012.tlg001-10.477-10.478-s17018-w20	10
a-tlg0012.tlg002-6.120-6.121-s25099-w18	3
a-tlg0020.tlg002-448-s33241-w12	2
a-tlg0012.tlg001-23.590-s24295-w12	3
a-tlg0016.tlg001-1.194-s6832-w4	15
a-tlg0085.tlg005-1505-1506-s22651-w11	9
a-tlg0020.tlg002-800-s33438-w15	13
a-tlg0011.tlg001-721-722-s3053-w14	11
a-tlg0016.tlg001-1.125.2-s6379-w1	3
a-tlg0085.tlg002-293-294-s11630-w10	6
a-tlg0016.tlg001-1.50-s5782-w30	7
a-tlg0543.tlg001-10.11.4-s28700-w3	3
a-tlg0020.tlg002-320-s33174-w18	4
a-tlg0012.tlg001-16.43-s11082-w7	4
a-tlg0008.tlg001-13.51-s14809-w18	15
a-tlg0012.tlg002-21.207-21.208-s20466-w19	5
a-tlg0003.tlg001-1.86.3-s23288-w44	9
a-tlg0012.tlg001-11.393-11.394-s19574-w14	2
a-tlg0003.tlg001-1.69.6-s23154-w14	3
a-tlg0008.tlg001-13.69-s15053-w9	13
a-tlg0543.tlg001-10.4.9-s28643-w4	7
a-tlg0543.tlg001-1.2-s12257-w1	8
a-tlg0085.tlg006-298-s31559-w6	5
a-tlg0012.tlg001-24.58-s27929-w10	2
a-tlg0011.tlg004-1205-1206-s8197-w14	6
a-tlg0543.tlg001-9.13.1-s26190-w9	7
a-tlg0011.tlg005-1351-1352-s30455-w17	14
a-tlg0020.tlg002-83-s33017-w11	3
a-tlg0011.tlg005-706-s30019-w9	5
a-tlg0012.tlg002-21.426-21.427-s20594-w5	11
a-tlg0085.tlg003-40-41-s1066-w10	8
a-tlg0008.tlg001-13.85-s15293-w16	13
a-tlg0003.tlg001-1.83.2-s23264-w1	7
a-tlg0543.tlg001-10.46.8-s29088-w4	16
a-tlg0016.tlg001-1.105.3-s6211-w20	11
a-tlg0011.tlg002-512-s18938-w7	5
a-tlg0085.tlg007-213-s5074-w2	4
a-tlg0085.tlg005-1269-1276-s22518-w49	13
a-tlg0008.tlg001-13.7-s14069-w5	7
a-tlg0012.tlg001-19.140-19.141-s26854-w17	14
a-tlg0011.tlg005-847-848-s30107-w9	6
a-tlg0012.tlg001-10.216-10.217-s16865-w15	4
a-tlg0008.tlg001-13.31-s14447-w5	5
a-tlg0085.tlg002-878-886-s11896-w35	26
a-tlg0012.tlg001-2.204-s31094-w5	3
a-tlg0012.tlg001-11.668-11.669-s19723-w5	10
a-tlg0008.tlg001-13.22-s14306-w1	10
a-tlg0011.tlg002-722-723-s19054-w20	16
a-tlg0543.tlg001-10.29.2-s28876-w6	11
a-tlg0011.tlg005-343-344-s29797-w14	7
a-tlg0012.tlg002-24.284-24.286-s21190-w29	7
a-tlg0543.tlg001-9.34.6-s26410-w6	14
a-tlg0085.tlg003-1041-1042-s1611-w10	8
a-tlg0543.tlg001-10.28.2-s28869-w16	11
a-tlg0543.tlg001-9.22.8-s26283-w15	13
a-tlg0012.tlg002-24.306-s21204-w5	4
a-tlg0085.tlg005-1231-s22485-w4	2
a-tlg0085.tlg006-376-378-s31589-w18	7
a-tlg0059.tlg001-urn:cts:greekLit:tlg0059.tlg001:1-s7029-w10	9
a-tlg0016.tlg001-1.174-s6686-w14	14
a-tlg0012.tlg001-24.762-24.764-s28310-w13	17
a-tlg0008.tlg001-13.6-s14043-w7	12
a-tlg0012.tlg001-11.786-11.787-s19783-w6	3
a-tlg0016.tlg001-1.39-s5730-w14	13
a-tlg0008.tlg001-13.44-s14654-w4	5
a-tlg0008.tlg001-12.29-s16060-w17	2
a-tlg0012.tlg001-23.311-23.312-s24125-w5	3
a-tlg0543.tlg001-9.9.10-s26152-w11	8
a-tlg0011.tlg004-99-s7485-w7	5
a-tlg0543.tlg001-10.46.9-s29091-w3	4
a-tlg0085.tlg004-848-s25857-w8	2
a-tlg0011.tlg005-1346-s30447-w3	3
a-tlg0008.tlg001-12.7, 513c3-s15765-w2	7
a-tlg0012.tlg002-19.182-19.184-s530-w22	6
a-tlg0012.tlg001-13.639-s17676-w5	3
a-tlg0012.tlg002-20.220-20.221-s8499-w14	11
a-tlg0012.tlg001-17.475-17.478-s30827-w25	24
a-tlg0085.tlg001-123-124-s18185-w13	10
a-tlg0011.tlg004-1442-1443-s8309-w12	9
a-tlg0059.tlg001-urn:cts:greekLit:tlg0059.tlg001:1-s7249-w6	4
a-tlg0085.tlg007-436-s5168-w18	15
a-tlg0011.tlg003-1161-1162-s2555-w11	9
a-tlg0085.tlg006-554-s31691-w5	3
a-tlg0008.tlg001-13.7-s14078-w4	6
a-tlg0011.tlg002-679-680-s19035-w18	6
a-tlg0543.tlg001-1.67-s13007-w24	20
a-tlg0007.tlg004-22.3-s33781-w12	22
a-tlg0020.tlg002-765-s33410-w11	9
a-tlg0012.tlg002-2.169-s3456-w7	5
a-tlg0011.tlg004-16-19-s7445-w29	3
a-tlg0012.tlg001-14.80-s28375-w13	10
a-tlg0008.tlg001-13.85-s15298-w3	11
a-tlg0012.tlg001-7.191-7.192-s19919-w19	3
a-tlg0016.tlg001-1.179-s6718-w1	9
a-tlg0012.tlg001-3.63-s26554-w7	6
a-tlg0012.tlg002-19.562-s743-w6	6
a-tlg0011.tlg005-15-16-s29657-w18	14
a-tlg0085.tlg005-790-791-s22244-w9	6
a-tlg0085.tlg007-470-s5184-w4	3
a-tlg0085.tlg005-83-85-s21954-w13	8
a-tlg0012.tlg001-23.315-s24127-w9	8
a-tlg0012.tlg002-7.48-7.49-s13825-w16	10
a-tlg0012.tlg001-8.102-8.104-s13307-w33	4
a-tlg0008.tlg001-13.8-s14109-w5	3
a-tlg0011.tlg003-473-474-s2167-w14	11
a-tlg0012.tlg002-11.558-11.560-s11016-w21	4
a-tlg0003.tlg001-1.26.5-27.1-s22898-w10	4
a-tlg0085.tlg005-1231-1232-s22486-w4	3
a-tlg0012.tlg002-12.120-s29195-w6	4
a-tlg0085.tlg004-515-s25697-w6	4
a-tlg0012.tlg001-10.558-10.559-s17062-w10	7
a-tlg0011.tlg005-175-176-s29714-w12	9
a-tlg0012.tlg002-24.309-24.311-s21207-w7	15
a-tlg0016.tlg001-1.93.5-s6142-w5	4
a-tlg0012.tlg002-18.287-s12165-w6	5
a-tlg0012.tlg002-17.347-s17974-w10	6
a-tlg0016.tlg001-1.192-s6812-w12	10
a-tlg0085.tlg001-588-589-s18439-w13	3
a-tlg0020.tlg002-320-s33176-w7	4
a-tlg0020.tlg002-479-s33248-w15	4
a-tlg0085.tlg006-338-s31576-w10	3
a-tlg0012.tlg002-2.276-2.277-s3508-w19	3
a-tlg0012.tlg002-19.548-19.550-s735-w26	2
a-tlg0543.tlg001-10.45.3-s29065-w24	24
a-tlg0012.tlg001-11.801-s19793-w7	4
a-tlg0016.tlg001-1.209-s6964-w2	12
a-tlg0085.tlg003-127-s1125-w7	5
a-tlg0003.tlg001-1.2.1-s22746-w31	10
a-tlg0085.tlg003-43-s1069-w7	5
a-tlg0085.tlg007-178-s5050-w2	4
a-tlg0085.tlg006-672-673-s31736-w11	12
a-tlg0012.tlg001-9.312-9.313-s219-w20	17
a-tlg0085.tlg007-566-s5229-w9	7
a-tlg0012.tlg002-4.397-s27630-w4	6
a-tlg0012.tlg001-16.688-s11420-w11	11
a-tlg0016.tlg001-1.99.1-s6185-w8	40
a-tlg0085.tlg005-1610-1611-s22697-w16	13
a-tlg0540.tlg012-99-s21591-w10	11
a-tlg0085.tlg006-174-s31490-w4	5
a-tlg0003.tlg001-1.33.2-s22942-w54	4
a-tlg0016.tlg001-1.185-s6759-w5	10
a-tlg0011.tlg004-1414-1415-s8293-w12	10
a-tlg0011.tlg005-1105-s30273-w10	7
a-tlg0012.tlg002-8.174-8.177-s20694-w37	5
a-tlg0012.tlg002-12.341-12.342-s29313-w16	6
a-tlg0007.tlg004-21.2-s33760-w6	8
a-tlg0012.tlg002-11.156-s10813-w7	4
a-tlg0016.tlg001-1.182-s6744-w5	6
a-tlg0012.tlg002-24.433-24.435-s21275-w5	16
a-tlg0011.tlg005-61-s29674-w10	5
a-tlg0012.tlg001-5.727-5.728-s32558-w13	3
a-tlg0012.tlg001-23.439-s24196-w9	7
a-tlg0011.tlg004-979-s8006-w9	6
a-tlg0012.tlg001-21.190-21.191-s4091-w15	5
a-tlg0020.tlg002-448-s33230-w5	2
a-tlg0011.tlg005-990-991-s30200-w4	11
a-tlg0085.tlg003-50-s1076-w4	5
a-tlg0012.tlg001-21.482-21.484-s4255-w24	20
a-tlg0012.tlg001-23.9-s23961-w4	4
a-tlg0011.tlg002-1031-1032-s19203-w12	9
a-tlg0016.tlg001-1.171-s6659-w24	6
a-tlg0085.tlg002-513-s11726-w2	2
a-tlg0008.tlg001-13.29-s14437-w4	6
a-tlg0011.tlg002-558-s18976-w5	6
a-tlg0020.tlg001-1.721-s10599-w10	9
a-tlg0011.tlg001-1140-s3270-w7	5
a-tlg0011.tlg005-193-196-s29720-w19	3
a-tlg0012.tlg002-23.103-s33962-w6	5
a-tlg0085.tlg005-249-s22000-w7	5
a-tlg0085.tlg005-1359-s22581-w3	6
a-tlg0540.tlg014-1-47-s26060-w21	18
a-tlg0008.tlg001-13.30-s14440-w14	12
a-tlg0085.tlg007-526-s5202-w13	6
a-tlg0012.tlg002-13.109-13.111-s25286-w20	6
a-tlg0012.tlg001-15.497-15.499-s3844-w26	2
a-tlg0012.tlg001-19.124-s26845-w7	5
a-tlg0008.tlg001-13.28-s14418-w3	3
a-tlg0003.tlg001-1.6.2-s22769-w3	15
a-tlg0012.tlg002-17.15-s17789-w9	6
a-tlg0012.tlg002-4.103-s27486-w7	4
a-tlg0543.tlg001-9.24.3-s26299-w42	6
a-tlg0008.tlg001-13.13-s14174-w42	3
a-tlg0020.tlg001-1.610-1.612-s10551-w21	2
a-tlg0543.tlg001-9.15.7-s26218-w22	20
a-tlg0085.tlg001-994-995-s18643-w17	5
a-tlg0012.tlg001-22.288-s20237-w7	5
a-tlg0059.tlg001-urn:cts:greekLit:tlg0059.tlg001:1-s7308-w8	6
a-tlg0012.tlg002-18.64-18.65-s12038-w19	2
a-tlg0011.tlg001-1146-s3275-w9	4
a-tlg0012.tlg002-11.216-11.218-s10843-w24	7
a-tlg0016.tlg001-1.125.3-s6381-w3	3
a-tlg0012.tlg001-13.115-s17393-w6	4
a-tlg0012.tlg001-5.726-s32557-w4	4
a-tlg0085.tlg006-753-754-s31771-w18	14
a-tlg0085.tlg006-519-s31665-w5	6
a-tlg0085.tlg007-94-s4986-w14	5
a-tlg0085.tlg005-624-625-s22193-w13	5
a-tlg0012.tlg002-18.215-s12127-w12	4
a-tlg0012.tlg001-24.52-s27924-w12	6
a-tlg0012.tlg002-9.2-9.4-s4332-w15	19
a-tlg0003.tlg001-1.32.5-s22938-w61	8
a-tlg0008.tlg001-13.14-s14197-w2	11
a-tlg0012.tlg001-1.280-1.281-s8763-w16	16
a-tlg0012.tlg001-1.80-s8645-w9	7
a-tlg0011.tlg004-314-315-s7584-w14	11
a-tlg0012.tlg001-5.254-s32304-w5	4
a-tlg0012.tlg002-20.34-20.35-s8390-w5	3
a-tlg0012.tlg002-23.48-23.51-s33929-w22	8
a-tlg0059.tlg001-urn:cts:greekLit:tlg0059.tlg001:1-s7378-w13	11
a-tlg0012.tlg002-16.423-s29615-w8	5
a-tlg0085.tlg005-468-469-s22107-w8	5
a-tlg0016.tlg001-1.88.3-s6084-w8	6
a-tlg0012.tlg001-21.155-21.156-s4067-w11	8
a-tlg0012.tlg001-16.33-16.34-s11078-w17	3
a-tlg0011.tlg001-62-63-s2716-w12	3
a-tlg0012.tlg002-17.403-s18012-w9	7
a-tlg0012.tlg002-8.293-8.294-s20756-w18	10
a-tlg0008.tlg001-12.75-s16607-w4	25
a-tlg0085.tlg006-122-s31461-w3	5
a-tlg0011.tlg002-1030-s19201-w7	5
a-tlg0008.tlg001-13.84-s15266-w6	18
a-tlg0085.tlg006-400-402-s31600-w13	11
a-tlg0016.tlg001-1.155-s6562-w7	10
a-tlg0011.tlg004-571-s7749-w4	2
a-tlg0008.tlg001-13.68-s15032-w1	9
a-tlg0085.tlg002-147-149-s11546-w13	4
a-tlg0085.tlg002-942-943-s11913-w9	7
a-tlg0008.tlg001-13.27-s14405-w13	11
a-tlg0085.tlg007-607-s5262-w40	33
a-tlg0011.tlg002-384-s18860-w2	5
a-tlg0012.tlg002-16.211-16.212-s29502-w18	3
a-tlg0085.tlg004-926-928-s25880-w12	10
a-tlg0085.tlg003-34-s1060-w6	4
a-tlg0016.tlg001-1.46-s5761-w13	11
a-tlg0085.tlg001-479-s18390-w7	5
a-tlg0012.tlg002-5.306-5.307-s32069-w17	13
a-tlg0085.tlg007-34-s4950-w10	4
a-tlg0012.tlg001-19.167-19.170-s26869-w32	17
a-tlg0085.tlg005-259-260-s22008-w3	9
a-tlg0008.tlg001-13.13-s14174-w41	3
a-tlg0012.tlg002-4.231-4.232-s27547-w9	6
a-tlg0008.tlg001-13.9-s14121-w4	7
a-tlg0012.tlg002-15.78-15.79-s24532-w17	10
a-tlg0012.tlg001-13.698-s17706-w8	5
a-tlg0085.tlg003-775-s1457-w7	5
a-tlg0012.tlg002-20.355-20.356-s8583-w17	3
a-tlg0543.tlg001-10.10.7-s28688-w6	5
a-tlg0012.tlg002-13.345-13.346-s25410-w4	6
a-tlg0012.tlg001-6.460-6.461-s23919-w13	11
a-tlg0059.tlg001-urn:cts:greekLit:tlg0059.tlg001:1-s7435-w11	3
a-tlg0020.tlg002-678-s33357-w7	4
a-tlg0012.tlg001-7.280-7.281-s19963-w12	2
a-tlg0012.tlg001-9.71-9.72-s96-w16	13
a-tlg0543.tlg001-1.42-s12749-w6	5
a-tlg0003.tlg001-1.85.2-s23278-w13	12
a-tlg0012.tlg001-17.20-17.23-s30592-w32	28
a-tlg0016.tlg001-1.199-s6873-w7	9
a-tlg0011.tlg004-813-815-s7909-w15	14
a-tlg0008.tlg001-13.20-s14277-w9	7
a-tlg0543.tlg001-10.32.10-s28927-w34	31
a-tlg0059.tlg001-urn:cts:greekLit:tlg0059.tlg001:1-s7221-w12	4
a-tlg0011.tlg005-1039-s30239-w7	5
a-tlg0012.tlg002-16.263-16.264-s29533-w17	12
a-tlg0007.tlg004-27.4-s33843-w18	16
a-tlg0011.tlg003-162-163-s2009-w10	8
a-tlg0540.tlg012-79-s21545-w7	8
a-tlg0012.tlg001-15.404-s3797-w4	3
a-tlg0011.tlg005-398-s29839-w10	7
a-tlg0012.tlg002-17.18-17.19-s17792-w3	10
a-tlg0085.tlg006-641-645-s31719-w19	16
a-tlg0085.tlg007-470-s5180-w11	9
a-tlg0059.tlg001-urn:cts:greekLit:tlg0059.tlg001:1-s7074-w1	10
a-tlg0085.tlg005-861-863-s22274-w18	15
a-tlg0012.tlg002-1.347-1.349-s15634-w23	4
a-tlg0016.tlg001-1.163-s6612-w11	8
a-tlg0543.tlg001-9.12.3-s26181-w26	23
a-tlg0012.tlg001-19.78-19.80-s26815-w17	3
a-tlg0540.tlg012-85-s21560-w60	54
a-tlg0060.tlg001-11.11.2-s9435-w14	4
a-tlg0012.tlg002-13.15-s25236-w8	5
a-tlg0085.tlg005-1096-1097-s22397-w13	10
a-tlg0020.tlg002-320-s33158-w11	9
a-tlg0012.tlg001-18.394-18.397-s9183-w33	29
a-tlg0012.tlg002-4.107-4.110-s27488-w32	18
a-tlg0085.tlg004-599-600-s25735-w15	3
a-tlg0085.tlg004-333-335-s25614-w12	10
a-tlg0016.tlg001-1.199-s6887-w5	4
a-tlg0011.tlg003-554-556-s2221-w24	22
a-tlg0016.tlg001-1.216-s7010-w7	5
a-tlg0012.tlg002-12.341-12.342-s29313-w17	4
a-tlg0085.tlg005-613-614-s22186-w14	12
a-tlg0085.tlg002-405-s11677-w6	3
a-tlg0016.tlg001-1.171-s6654-w1	11
a-tlg0012.tlg001-18.54-18.56-s8983-w23	4
a-tlg0008.tlg001-12.5, 512d5-s15749-w12	4
a-tlg0011.tlg003-1235-s2579-w9	7
a-tlg0012.tlg001-10.433-10.434-s16991-w15	13
a-tlg0012.tlg002-21.344-21.347-s20546-w36	29
a-tlg0085.tlg006-339-s31577-w5	3
a-tlg0016.tlg001-1.89.2-s6090-w19	16
a-tlg0059.tlg001-urn:cts:greekLit:tlg0059.tlg001:1-s7328-w8	6
a-tlg0085.tlg002-693-s11791-w2	5
a-tlg0016.tlg001-1.98.5-s6181-w8	6
a-tlg0008.tlg001-12.29-s16060-w16	2
a-tlg0085.tlg004-547-549-s25710-w21	4
a-tlg0012.tlg001-9.523-s316-w8	5
a-tlg0020.tlg001-1.93-s10335-w7	5
a-tlg0011.tlg004-16-19-s7445-w25	5
a-tlg0012.tlg002-20.376-s8596-w10	6
a-tlg0012.tlg001-21.439-s4232-w6	4
a-tlg0008.tlg001-13.84-s15282-w3	14
a-tlg0011.tlg005-1224-s30371-w6	4
a-tlg0008.tlg001-12.29-s16060-w1	3
a-tlg0085.tlg001-823-824-s18545-w7	6
a-tlg0011.tlg003-1006-1007-s2453-w18	14
a-tlg0085.tlg001-1011-s18651-w4	2
a-tlg0085.tlg001-513-s18415-w8	6
a-tlg0012.tlg002-13.349-13.350-s25412-w5	11
a-tlg0020.tlg002-320-s33174-w17	3
a-tlg0085.tlg003-312-s1214-w8	6
a-tlg0012.tlg002-2.40-2.41-s3381-w19	7
a-tlg0012.tlg002-12.118-12.120-s29193-w22	4
a-tlg0543.tlg001-9.14.10-s26210-w12	10
a-tlg0011.tlg005-1046-s30247-w10	3
a-tlg0012.tlg002-21.353-s20550-w4	5
a-tlg0011.tlg004-372-373-s7638-w17	14
a-tlg0011.tlg002-951-s19165-w8	6
a-tlg0012.tlg001-4.323-s4804-w4	4
a-tlg0016.tlg001-1.192-s6813-w14	34
a-tlg0008.tlg001-13.21-s14303-w18	15
a-tlg0085.tlg001-600-s18446-w6	4
a-tlg0543.tlg001-10.3.7-s28636-w3	10
a-tlg0012.tlg001-19.177-s26873-w3	9
a-tlg0016.tlg001-1.104.1-s6203-w49	9
a-tlg0012.tlg001-3.56-s26549-w6	4
a-tlg0011.tlg005-236-237-s29737-w10	7
a-tlg0016.tlg001-1.149.1-s6524-w8	6
a-tlg0012.tlg002-3.241-3.242-s1768-w17	4
a-tlg0011.tlg005-21-22-s29660-w14	11
a-tlg0012.tlg001-19.91-19.92-s26825-w12	8
a-tlg0011.tlg004-1045-s8074-w2	7
a-tlg0011.tlg005-1007-1008-s30209-w18	4
a-tlg0012.tlg002-10.463-10.465-s21876-w27	5
a-tlg0085.tlg004-596-s25733-w6	4
a-tlg0003.tlg001-1.42.2-4-s22997-w84	13
a-tlg0085.tlg004-673-s25763-w6	4
a-tlg0011.tlg001-444-s2930-w9	6
a-tlg0059.tlg001-urn:cts:greekLit:tlg0059.tlg001:1-s7281-w27	4
a-tlg0012.tlg002-13.351-s25413-w4	5
a-tlg0020.tlg002-706-s33383-w4	3
a-tlg0012.tlg001-24.59-24.61-s27930-w3	23
a-tlg0016.tlg001-1.32-s5667-w5	6
a-tlg0012.tlg002-22.28-s783-w7	5
a-tlg0085.tlg006-372-374-s31586-w18	3
a-tlg0011.tlg002-701-704-s19046-w10	9
a-tlg0011.tlg002-1014-s19192-w10	3
a-tlg0012.tlg001-12.176-s24891-w10	8
a-tlg0543.tlg001-9.30.2-s26367-w32	14
a-tlg0011.tlg004-987-s8012-w10	8
a-tlg0011.tlg005-593-594-s29947-w10	8
a-tlg0059.tlg001-urn:cts:greekLit:tlg0059.tlg001:1-s7167-w8	8
a-tlg0011.tlg001-749-s3070-w11	8
a-tlg0085.tlg001-485-s18392-w7	5
a-tlg0012.tlg002-1.347-1.349-s15634-w24	11
a-tlg0016.tlg001-1.149.1-s6523-w6	4
a-tlg0012.tlg002-21.312-21.313-s20527-w20	13
a-tlg0011.tlg005-1030-s30228-w9	7
a-tlg0543.tlg001-1.15-s12404-w1	4
a-tlg0008.tlg001-12.65-s16500-w3	7
a-tlg0020.tlg002-641-s33337-w11	2
a-tlg0085.tlg001-468-469-s18385-w14	5
a-tlg0085.tlg001-125-126-s18186-w8	5
a-tlg0012.tlg002-12.86-12.87-s29173-w17	4
a-tlg0016.tlg001-1.67-s5902-w31	15
a-tlg0011.tlg005-1343-s30444-w5	2
a-tlg0003.tlg001-1.122.1-s23500-w19	5
a-tlg0008.tlg001-13.72-s15114-w3	11
a-tlg0012.tlg001-6.429-6.430-s23905-w19	4
a-tlg0011.tlg001-400-s2887-w5	7
a-tlg0008.tlg001-13.33-s14482-w7	5
a-tlg0008.tlg001-12.48-s16264-w14	12
a-tlg0008.tlg001-12.27-s16034-w19	17
a-tlg0008.tlg001-13.86-s15326-w3	9
a-tlg0008.tlg001-12.5, 512d3-s15747-w8	6
a-tlg0012.tlg001-17.446-17.447-s30809-w6	16
a-tlg0012.tlg002-19.363-s634-w11	6
a-tlg0085.tlg005-372-s22073-w6	3
a-tlg0085.tlg001-339-s18310-w7	4
a-tlg0012.tlg001-7.89-7.90-s19863-w15	12
a-tlg0012.tlg002-17.264-17.265-s17926-w21	7
a-tlg0008.tlg001-12.73-s16587-w28	20
a-tlg0011.tlg002-566-s18982-w9	7
a-tlg0012.tlg001-14.81-s28376-w9	7
a-tlg0012.tlg002-5.477-s32160-w10	2
a-tlg0540.tlg012-61-s21509-w18	9
a-tlg0012.tlg001-24.397-s28118-w8	3
a-tlg0012.tlg002-22.412-s994-w8	6
a-tlg0003.tlg001-1.71.3-s23173-w21	6
a-tlg0543.tlg001-1.17-s12434-w7	16
a-tlg0003.tlg001-1.81.2-s23246-w5	6
a-tlg0011.tlg002-1050-s19214-w6	4
a-tlg0011.tlg004-968-969-s7996-w8	6
a-tlg0011.tlg001-327-328-s2841-w14	6
a-tlg0012.tlg002-15.394-s24716-w6	4
a-tlg0003.tlg001-1.69.6-s23154-w6	4
a-tlg0016.tlg001-1.101-s6193-w5	5
a-tlg0011.tlg004-774-775-s7892-w13	3
a-tlg0012.tlg002-6.153-6.155-s25120-w28	3
a-tlg0085.tlg006-305-s31561-w5	3
a-tlg0011.tlg004-376-377-s7640-w19	15
a-tlg0085.tlg001-822-823-s18544-w7	5
a-tlg0011.tlg004-379-s7642-w12	4
a-tlg0085.tlg003-49-s1075-w7	5
a-tlg0012.tlg001-16.159-s11146-w7	4
a-tlg0059.tlg001-urn:cts:greekLit:tlg0059.tlg001:1-s7281-w28	5
a-tlg0085.tlg003-200-s1153-w6	5
a-tlg0085.tlg005-1628-s22707-w7	5
a-tlg0008.tlg001-12.5, 512c6-s15744-w8	6
a-tlg0016.tlg001-1.181-s6733-w7	5
a-tlg0008.tlg001-13.50-s14772-w13	10
a-tlg0085.tlg001-321-s18295-w5	2
a-tlg0020.tlg002-274-s33141-w12	3
a-tlg0543.tlg001-9.45.2-s26520-w17	3
a-tlg0011.tlg005-766-767-s30046-w18	2
a-tlg0085.tlg003-547-s1322-w5	3
a-tlg0085.tlg001-100-s18178-w5	3
a-tlg0008.tlg001-13.7-s14076-w5	5
a-tlg0012.tlg002-5.113-5.115-s31965-w30	8
a-tlg0012.tlg001-20.208-20.209-s17180-w12	3
a-tlg0085.tlg003-935-s1539-w5	3
a-tlg0020.tlg002-140-s33042-w16	3
a-tlg0020.tlg002-405-s33222-w13	10
a-tlg0543.tlg001-1.13-s12377-w28	26
a-tlg0085.tlg007-254-s5084-w14	5
a-tlg0008.tlg001-13.54-s14836-w68	22
a-tlg0011.tlg002-872-874-s19130-w15	3
a-tlg0085.tlg007-566-s5219-w26	4
a-tlg0011.tlg005-1223-s30370-w6	4
a-tlg0085.tlg005-387-s22078-w6	3
a-tlg0020.tlg002-536-s33287-w5	4
a-tlg0011.tlg002-1342-1346-s19365-w16	5
a-tlg0007.tlg004-20.1-s33736-w13	12
a-tlg0012.tlg002-9.269-9.271-s4467-w22	12
a-tlg0011.tlg004-908-910-s7951-w14	4
a-tlg0020.tlg002-405-s33219-w5	3
a-tlg0012.tlg002-13.201-13.202-s25339-w22	8
a-tlg0085.tlg003-747-750-s1430-w26	5
a-tlg0011.tlg004-1102-s8113-w8	6
a-tlg0012.tlg002-8.311-8.312-s20767-w17	5
a-tlg0012.tlg001-15.496-15.497-s3843-w9	7
a-tlg0008.tlg001-12.75-s16615-w1	6
a-tlg0020.tlg002-706-s33377-w9	2
a-tlg0012.tlg001-23.480-23.481-s24227-w4	9
a-tlg0085.tlg003-200-s1153-w17	2
a-tlg0085.tlg002-647-s11768-w8	4
a-tlg0011.tlg004-463-465-s7692-w14	12
a-tlg0012.tlg002-13.345-13.346-s25410-w18	6
a-tlg0012.tlg001-9.378-s258-w14	4
a-tlg0012.tlg002-8.208-s20714-w5	4
a-tlg0540.tlg014-1-47-s26058-w52	46
a-tlg0007.tlg015--s27040-w19	16
a-tlg0016.tlg001-1.193-s6822-w1	12
a-tlg0011.tlg003-1358-s2652-w7	5
a-tlg0008.tlg001-13.24-s14347-w11	10
a-tlg0020.tlg002-274-s33127-w7	8
a-tlg0011.tlg001-1144-s3273-w6	3
a-tlg0085.tlg004-226-s25563-w7	5
a-tlg0543.tlg001-9.15.6-s26217-w30	27
a-tlg0543.tlg001-9.14.4-s26203-w30	26
a-tlg0008.tlg001-13.73-s15119-w32	14
a-tlg0011.tlg004-1204-s8196-w7	5
a-tlg0059.tlg001-urn:cts:greekLit:tlg0059.tlg001:1-s7302-w24	26
a-tlg0085.tlg007-178-s5038-w8	6
a-tlg0543.tlg001-10.47.6-s29100-w22	6
a-tlg0012.tlg002-18.381-s12219-w8	3
a-tlg0011.tlg005-393-s29832-w8	6
a-tlg0016.tlg001-1.163-s6607-w25	15
a-tlg0008.tlg001-13.25-s14361-w23	6
a-tlg0012.tlg002-8.351-s20794-w9	7
a-tlg0012.tlg002-22.104-s823-w6	3
a-tlg0003.tlg001-1.82.6-s23261-w12	10
a-tlg0012.tlg001-24.255-24.259-s28048-w47	40
a-tlg0012.tlg001-11.393-11.394-s19574-w7	5
a-tlg0085.tlg005-1001-1002-s22345-w10	8
a-tlg0011.tlg001-431-433-s2923-w25	20
a-tlg0012.tlg002-3.82-s1689-w12	7
a-tlg0543.tlg001-10.48.3-s29111-w23	2
a-tlg0011.tlg003-745-746-s2306-w2	11
a-tlg0011.tlg002-72-s18718-w7	5
a-tlg0012.tlg002-14.56-14.57-s32689-w7	12
a-tlg0011.tlg001-311-s2827-w11	7
a-tlg0085.tlg006-710-711-s31752-w2	10
a-tlg0085.tlg005-206-211-s21988-w29	6
a-tlg0011.tlg002-526-527-s18953-w13	10
a-tlg0011.tlg002-582-s18998-w7	6
a-tlg0011.tlg002-767-s19094-w3	5
a-tlg0085.tlg001-186-189-s18209-w15	23
a-tlg0012.tlg001-9.497-9.498-s305-w18	15
a-tlg0008.tlg001-12.12-s15841-w3	4
a-tlg0012.tlg002-8.179-8.181-s20696-w26	8
a-tlg0011.tlg001-1236-1237-s3335-w15	11
a-tlg0012.tlg001-24.373-s28102-w5	8
a-tlg0016.tlg001-1.199-s6893-w6	8
a-tlg0011.tlg001-495-496-s2955-w13	11
a-tlg0011.tlg004-290-s7570-w11	9
a-tlg0020.tlg001-1.762-1.765-s10617-w30	3
a-tlg0011.tlg005-1368-1369-s30468-w10	3
a-tlg0012.tlg001-24.425-24.427-s28135-w32	26
a-tlg0085.tlg007-711-s5312-w14	11
a-tlg0012.tlg002-14.508-14.509-s32946-w23	6
a-tlg0012.tlg001-3.200-3.202-s26631-w24	20
a-tlg0020.tlg002-800-s33443-w7	5
a-tlg0543.tlg001-9.14.6-s26205-w13	11
a-tlg0540.tlg014-1-47-s26033-w27	22
a-tlg0012.tlg001-11.405-11.406-s19584-w9	6
a-tlg0016.tlg001-1.31-s5650-w18	5
a-tlg0008.tlg001-13.20-s14270-w15	13
a-tlg0085.tlg001-957-958-s18626-w3	4
a-tlg0085.tlg005-810-813-s22251-w21	18
a-tlg0008.tlg001-13.55-s14853-w10	8
a-tlg0003.tlg001-1.20.3-s22858-w17	8
a-tlg0012.tlg002-19.175-s527-w8	5
a-tlg0003.tlg001-1.141.3-s23640-w4	2
a-tlg0020.tlg002-571-s33298-w55	2
a-tlg0008.tlg001-13.6-s14054-w18	2
a-tlg0012.tlg001-1.581-s8941-w5	4
a-tlg0085.tlg004-1075-1077-s25976-w16	4
a-tlg0012.tlg001-22.373-22.374-s20284-w17	14
a-tlg0011.tlg005-179-s29716-w6	4
a-tlg0085.tlg004-509-511-s25694-w15	5
a-tlg0085.tlg004-363-s25630-w6	3
a-tlg0016.tlg001-1.193-s6818-w17	7
a-tlg0085.tlg007-470-s5179-w12	9
a-tlg0011.tlg004-1132-s8135-w7	4
a-tlg0085.tlg002-253-s11609-w9	5
a-tlg0011.tlg002-1051-s19215-w10	6
a-tlg0008.tlg001-12.79-s16720-w14	12
a-tlg0008.tlg001-13.23-s14332-w4	3
a-tlg0020.tlg002-320-s33147-w11	3
a-tlg0085.tlg006-116-s31454-w9	2
a-tlg0012.tlg002-6.39-6.40-s25049-w12	11
a-tlg0016.tlg001-1.105.3-s6210-w1	16
a-tlg0007.tlg004-13.1-s33618-w14	5
a-tlg0012.tlg002-18.175-18.176-s12104-w17	13
a-tlg0011.tlg004-378-s7641-w7	5
a-tlg0008.tlg001-13.33-s14482-w17	7
a-tlg0085.tlg006-623-628-s31710-w30	27
a-tlg0016.tlg001-1.32-s5679-w9	8
a-tlg0543.tlg001-9.15.10-s26222-w20	17
a-tlg0011.tlg002-437-439-s18889-w18	6
a-tlg0059.tlg001-urn:cts:greekLit:tlg0059.tlg001:1-s7068-w1	3
a-tlg0012.tlg001-23.309-23.310-s24123-w7	5
a-tlg0020.tlg001-1.743-1.744-s10610-w9	6
a-tlg0008.tlg001-12.29-s16057-w9	7
a-tlg0016.tlg001-1.93.2-s6134-w1	20
a-tlg0016.tlg001-1.178-s6709-w18	8
a-tlg0007.tlg004-30.4-s33876-w15	6
a-tlg0008.tlg001-12.63-s16476-w26	2
a-tlg0543.tlg001-1.13-s12368-w7	5
a-tlg0003.tlg001-1.143.5-s23665-w8	6
a-tlg0003.tlg001-1.82.1-s23254-w92	18
a-tlg0016.tlg001-1.195-s6843-w6	6
a-tlg0020.tlg001-1.96-1.97-s10337-w10	6
a-tlg0008.tlg001-12.14-s15885-w4	16
a-tlg0085.tlg005-1369-s22588-w9	7
a-tlg0012.tlg001-21.80-21.82-s4023-w4	10
a-tlg0085.tlg005-1655-s22726-w10	7
a-tlg0012.tlg001-22.73-s20116-w9	5
a-tlg0012.tlg002-16.401-16.402-s29601-w5	4
a-tlg0011.tlg002-175-177-s18757-w22	19
a-tlg0085.tlg003-624-s1365-w10	8
a-tlg0011.tlg005-565-s29932-w7	5
a-tlg0012.tlg002-12.322-12.323-s29303-w19	14
a-tlg0012.tlg001-20.302-20.305-s17229-w4	23
a-tlg0012.tlg002-15.71-s24528-w6	3
a-tlg0085.tlg007-178-s5049-w8	6
a-tlg0011.tlg002-1023-1024-s19197-w6	6
a-tlg0543.tlg001-1.47-s12800-w5	13
a-tlg0020.tlg002-320-s33167-w11	2
a-tlg0012.tlg001-14.396-14.397-s28546-w19	15
a-tlg0012.tlg002-16.374-16.375-s29588-w19	5
a-tlg0020.tlg002-274-s33134-w20	16
a-tlg0008.tlg001-12.76-s16637-w3	14
a-tlg0016.tlg001-1.146.1-s6511-w6	15
a-tlg0085.tlg007-178-s5054-w8	6
a-tlg0085.tlg007-178-s5051-w5	3
a-tlg0012.tlg002-8.154-8.157-s20684-w38	30
a-tlg0012.tlg001-3.164-3.165-s26608-w11	10
a-tlg0011.tlg005-659-s29982-w6	7
a-tlg0085.tlg004-909-910-s25875-w13	3
a-tlg0543.tlg001-9.15.15-s26227-w15	5
a-tlg0003.tlg001-1.121.3-s23490-w10	9
a-tlg0011.tlg004-1041-s8068-w4	2
a-tlg0011.tlg005-822-s30086-w7	5
a-tlg0012.tlg002-18.136-18.137-s12083-w4	14
a-tlg0085.tlg005-76-82-s21953-w36	8
a-tlg0011.tlg004-834-s7919-w9	5
a-tlg0011.tlg002-549-s18966-w6	4
a-tlg0003.tlg001-1.110.2-s23428-w15	5
a-tlg0012.tlg002-22.59-s799-w9	5
a-tlg0012.tlg001-21.264-s4128-w7	4
a-tlg0540.tlg014-1-47-s26036-w42	38
a-tlg0085.tlg003-635-636-s1377-w17	12
a-tlg0012.tlg002-8.185-s20700-w11	3
a-tlg0003.tlg001-1.141.5-s23643-w46	42
a-tlg0085.tlg004-1037-1038-s25944-w15	11
a-tlg0016.tlg001-1.72-s5948-w1	7
a-tlg0012.tlg001-22.431-s20316-w5	3
a-tlg0011.tlg004-739-s7861-w3	6
a-tlg0012.tlg002-8.549-s20902-w5	3
a-tlg0012.tlg001-5.178-s32260-w7	4
a-tlg0012.tlg001-20.248-20.249-s17203-w4	3
a-tlg0012.tlg002-4.87-4.89-s27480-w26	7
a-tlg0085.tlg005-214-217-s21990-w16	14
a-tlg0085.tlg003-522-524-s1313-w16	7
a-tlg0085.tlg001-347-s18318-w8	6
a-tlg0011.tlg002-690-691-s19041-w18	14
a-tlg0016.tlg001-1.147.2-s6517-w1	11
a-tlg0543.tlg001-9.27.10-s26342-w10	7
a-tlg0011.tlg003-1344-1345-s2636-w19	13
a-tlg0085.tlg006-702-703-s31748-w5	5
a-tlg0008.tlg001-13.6-s14059-w12	3
a-tlg0543.tlg001-9.1.1-s26080-w23	21
a-tlg0085.tlg003-517-s1308-w4	4
a-tlg0059.tlg001-urn:cts:greekLit:tlg0059.tlg001:1-s7249-w26	3
a-tlg0543.tlg001-9.19.5-s26258-w9	12
a-tlg0012.tlg002-22.154-22.156-s855-w25	4
a-tlg0012.tlg001-24.774-24.775-s28316-w20	10
a-tlg0008.tlg001-12.40-s16163-w11	2
a-tlg0540.tlg014-1-47-s26072-w36	29
a-tlg0012.tlg001-24.493-24.494-s28171-w20	16
a-tlg0012.tlg001-18.201-s9070-w7	4
a-tlg0011.tlg001-434-435-s2925-w9	7
a-tlg0543.tlg001-9.14.2-s26200-w37	31
a-tlg0016.tlg001-1.7-s5505-w48	10
a-tlg0011.tlg005-1026-s30224-w8	6
a-tlg0543.tlg001-1.4-s12286-w19	13
a-tlg0016.tlg001-1.98.5-s6181-w30	4
a-tlg0011.tlg005-1053-1054-s30255-w9	7
a-tlg0012.tlg002-3.377-3.379-s1843-w27	8
a-tlg0012.tlg001-2.137-2.138-s31058-w11	8
a-tlg0085.tlg001-826-s18547-w6	4
a-tlg0008.tlg001-12.3, 511d1-s15716-w5	3
a-tlg0011.tlg004-515-519-s7708-w31	27
a-tlg0016.tlg001-1.51-s5792-w1	3
a-tlg0011.tlg002-1173-s19273-w7	5
a-tlg0003.tlg001-1.33.2-s22942-w53	3
a-tlg0020.tlg001-1.452-s10480-w12	3
a-tlg0085.tlg006-929-s31894-w8	6
a-tlg0543.tlg001-9.26.8-s26327-w4	30
a-tlg0020.tlg001-1.336-s10438-w8	7
a-tlg0012.tlg001-19.319-19.321-s26945-w20	10
a-tlg0085.tlg003-500-s1298-w6	4
a-tlg0011.tlg004-838-s7922-w8	6
a-tlg0085.tlg001-328-s18302-w8	5
a-tlg0008.tlg001-13.9-s14125-w4	5
a-tlg0008.tlg001-12.30-s16069-w1	7
a-tlg0008.tlg001-13.78-s15182-w27	6
a-tlg0016.tlg001-1.132.3-s6427-w8	9
a-tlg0059.tlg001-urn:cts:greekLit:tlg0059.tlg001:1-s7382-w16	12
a-tlg0011.tlg001-295-s2818-w3	5
a-tlg0085.tlg004-217-218-s25557-w11	9
a-tlg0085.tlg007-1-s4940-w4	5
a-tlg0059.tlg001-urn:cts:greekLit:tlg0059.tlg001:1-s7205-w20	7
a-tlg0085.tlg005-637-s22202-w6	4
a-tlg0085.tlg001-764-769-s18519-w39	5
a-tlg0008.tlg001-12.63-s16476-w24	3
a-tlg0012.tlg001-21.485-21.486-s4256-w3	13
a-tlg0003.tlg001-1.80.3-s23238-w23	7
a-tlg0011.tlg002-74-75-s18720-w13	11
a-tlg0011.tlg002-207-208-s18764-w16	3
a-tlg0011.tlg003-79-s1952-w8	6
a-tlg0008.tlg001-12.63-s16476-w23	2
a-tlg0012.tlg001-10.477-10.478-s17018-w19	3
a-tlg0011.tlg002-484-485-s18918-w19	3
a-tlg0543.tlg001-10.45.4-s29066-w19	17
a-tlg0020.tlg002-571-s33298-w54	2
a-tlg0012.tlg002-17.266-17.268-s17927-w17	3
a-tlg0540.tlg012-87-s21564-w49	26
a-tlg0085.tlg005-40-54-s21946-w59	50
a-tlg0085.tlg006-471-474-s31635-w21	16
a-tlg0011.tlg004-1321-1322-s8254-w11	8
a-tlg0011.tlg001-310-s2826-w5	6
a-tlg0003.tlg001-1.142.3-s23651-w25	8
a-tlg0003.tlg001-1.10.4-s22801-w40	35
a-tlg0012.tlg002-17.578-s18130-w7	3
a-tlg0012.tlg001-7.293-7.295-s19976-w26	22
a-tlg0012.tlg002-17.176-s17874-w12	9
a-tlg0012.tlg002-23.72-s33944-w7	3
a-tlg0085.tlg005-584-s22171-w9	7
a-tlg0008.tlg001-13.74-s15134-w9	10
a-tlg0011.tlg004-769-770-s7889-w15	12
a-tlg0012.tlg002-5.447-5.449-s32139-w4	24
a-tlg0011.tlg002-1096-1097-s19240-w16	3
a-tlg0012.tlg002-23.62-23.64-s33938-w3	7
a-tlg0085.tlg002-349-s11657-w5	5
a-tlg0012.tlg001-23.43-23.47-s23980-w15	41
a-tlg0011.tlg003-277-s2053-w2	7
a-tlg0012.tlg001-11.390-s19572-w8	7
a-tlg0007.tlg015--s27384-w12	11
a-tlg0012.tlg001-5.247-5.248-s32299-w13	3
a-tlg0059.tlg001-urn:cts:greekLit:tlg0059.tlg001:1-s7068-w11	3
a-tlg0012.tlg002-12.89-12.92-s29175-w36	5
a-tlg0085.tlg001-478-479-s18389-w9	7
a-tlg0011.tlg004-316-317-s7585-w13	10
a-tlg0020.tlg002-238-s33115-w19	6
a-tlg0008.tlg001-12.63-s16476-w25	2
a-tlg0011.tlg002-1244-1245-s19313-w13	10
a-tlg0012.tlg002-18.217-18.220-s12129-w34	4
a-tlg0012.tlg001-15.569-15.570-s3892-w20	6
a-tlg0011.tlg003-852-853-s2362-w16	5
a-tlg0003.tlg001-1.80.3-s23238-w22	9
a-tlg0012.tlg002-4.149-4.150-s27508-w17	3
a-tlg0020.tlg002-274-s33125-w8	5
a-tlg0012.tlg001-18.128-18.129-s9024-w9	13
a-tlg0085.tlg007-566-s5247-w11	3
a-tlg0011.tlg005-144-145-s29705-w9	7
a-tlg0011.tlg003-1126-s2523-w8	6
a-tlg0085.tlg005-1650-s22720-w12	8
a-tlg0085.tlg002-1025-s11952-w6	4
a-tlg0011.tlg003-664-665-s2267-w2	12
a-tlg0011.tlg005-1455-s30532-w9	3
a-tlg0543.tlg001-9.39.4-s26478-w43	39
a-tlg0011.tlg002-724-725-s19055-w19	8
a-tlg0016.tlg001-1.172-s6669-w4	18
a-tlg0012.tlg001-6.146-s23759-w11	10
a-tlg0012.tlg001-14.4-s28335-w9	7
a-tlg0012.tlg002-21.430-s20596-w8	5
a-tlg0085.tlg002-168-s11556-w1	4
a-tlg0011.tlg005-1251-1252-s30391-w12	9
a-tlg0011.tlg001-289-290-s2815-w10	8
a-tlg0085.tlg002-790-791-s11860-w17	14
a-tlg0016.tlg001-1.93.5-s6139-w17	6
a-tlg0011.tlg004-609-610-s7777-w17	15
a-tlg0012.tlg001-24.765-24.766-s28312-w8	15
a-tlg0011.tlg002-701-704-s19046-w30	7
a-tlg0012.tlg001-15.140-15.141-s3664-w11	8
a-tlg0085.tlg004-848-s25857-w9	3
a-tlg0020.tlg002-370-s33185-w10	4
a-tlg0085.tlg003-601-603-s1350-w15	5
a-tlg0016.tlg001-1.157-s6574-w5	9
a-tlg0003.tlg001-1.42.4-s22998-w20	19
a-tlg0011.tlg005-1178-s30318-w2	6
a-tlg0012.tlg001-3.65-3.66-s26556-w4	10
a-tlg0016.tlg001-1.176-s6699-w15	13
a-tlg0543.tlg001-10.42.7-s29033-w3	13
a-tlg0016.tlg001-1.98.6-s6182-w8	8
a-tlg0085.tlg001-496-s18397-w7	5
a-tlg0085.tlg007-566-s5222-w10	3
a-tlg0016.tlg001-1.194-s6840-w9	15
a-tlg0012.tlg002-6.262-6.264-s25184-w24	2
a-tlg0059.tlg001-urn:cts:greekLit:tlg0059.tlg001:1-s7386-w26	11
a-tlg0012.tlg001-21.275-21.276-s4135-w19	7
a-tlg0011.tlg002-465-466-s18907-w11	9
a-tlg0003.tlg001-1.73.2-s23190-w21	17
a-tlg0020.tlg002-737-s33403-w6	5
a-tlg0085.tlg004-358-359-s25628-w6	3
a-tlg0012.tlg001-14.110-s28392-w4	2
a-tlg0016.tlg001-1.32-s5671-w7	4
a-tlg0012.tlg001-22.30-22.31-s20097-w5	3
a-tlg0011.tlg002-1327-s19355-w8	6
a-tlg0012.tlg001-3.229-s26646-w4	6
a-tlg0020.tlg001-1.79-s10328-w4	3
a-tlg0011.tlg002-324-s18838-w10	8
a-tlg0012.tlg001-24.396-s28117-w12	4
a-tlg0020.tlg002-174-s33062-w30	4
a-tlg0543.tlg001-9.15.7-s26219-w11	9
a-tlg0012.tlg002-22.136-22.137-s843-w13	3
a-tlg0016.tlg001-1.32-s5681-w24	23
a-tlg0007.tlg004-17.4-s33701-w8	6
a-tlg0012.tlg001-24.521-s28186-w6	4
a-tlg0085.tlg002-1013-s11940-w7	5
a-tlg0008.tlg001-13.13-s14174-w37	3
a-tlg0012.tlg001-22.453-s20329-w8	6
a-tlg0011.tlg002-221-s18774-w8	6
a-tlg0012.tlg001-18.180-s9054-w11	8
a-tlg0012.tlg001-12.412-s25004-w7	4
a-tlg0012.tlg001-16.162-16.163-s11148-w7	5
a-tlg0008.tlg001-12.9, 515a3-s15810-w12	9
a-tlg0543.tlg001-10.21.4-s28818-w31	28
a-tlg0012.tlg002-22.290-22.291-s924-w17	12
a-tlg0020.tlg002-448-s33241-w11	4
a-tlg0011.tlg005-180-183-s29717-w21	10
a-tlg0008.tlg001-13.55-s14855-w7	9
a-tlg0012.tlg002-2.180-s3463-w9	6
a-tlg0012.tlg001-10.93-10.95-s16788-w28	4
a-tlg0011.tlg005-1171-1172-s30308-w13	2
a-tlg0012.tlg001-16.620-16.622-s11390-w20	16
a-tlg0007.tlg015--s27032-w32	5
a-tlg0085.tlg001-970-972-s18634-w14	12
a-tlg0543.tlg001-1.1-s12254-w14	24
a-tlg0543.tlg001-1.4-s12283-w2	3
a-tlg0543.tlg001-9.15.5-s26216-w14	12
a-tlg0020.tlg002-83-s33017-w12	2
a-tlg0020.tlg002-405-s33214-w6	16
a-tlg0011.tlg003-580-s2230-w6	4
a-tlg0012.tlg001-22.300-22.301-s20248-w18	6
a-tlg0059.tlg001-urn:cts:greekLit:tlg0059.tlg001:1-s7280-w9	7
a-tlg0012.tlg001-19.416-19.417-s26997-w5	10
a-tlg0085.tlg007-674-s5296-w8	6
a-tlg0012.tlg002-22.226-22.230-s891-w43	5
a-tlg0011.tlg005-296-297-s29763-w4	12
a-tlg0060.tlg001-11.26.8-s9622-w13	12
a-tlg0020.tlg002-765-s33416-w9	6
a-tlg0020.tlg001-1.321-1.324-s10432-w40	7
a-tlg0008.tlg001-13.25-s14367-w4	4
a-tlg0012.tlg002-5.218-s32016-w5	3
a-tlg0008.tlg001-13.13-s14174-w39	3
a-tlg0020.tlg002-571-s33298-w56	2
a-tlg0012.tlg002-4.149-4.150-s27508-w18	2
a-tlg0008.tlg001-12.14-s15886-w7	6
a-tlg0085.tlg004-680-s25768-w5	3
a-tlg0012.tlg001-9.256-s193-w5	3
a-tlg0008.tlg001-13.78-s15179-w3	9
a-tlg0012.tlg002-12.452-12-s29370-w4	6
a-tlg0543.tlg001-9.29.9-s26363-w7	16
a-tlg0011.tlg004-871-s7941-w9	4
a-tlg0008.tlg001-13.7-s14076-w16	6
a-tlg0540.tlg023-12-s31-w46	43
a-tlg0003.tlg001-1.2.6-s22751-w8	16
a-tlg0012.tlg001-1.541-1.542-s8915-w4	10
a-tlg0003.tlg001-1.82.6-s23262-w22	18
a-tlg0016.tlg001-1.195-s6848-w7	8
a-tlg0012.tlg002-13.109-13.111-s25286-w23	6
a-tlg0012.tlg002-7.54-7.55-s13830-w4	3
a-tlg0003.tlg001-1.77.5-s23223-w9	7
a-tlg0012.tlg002-24.296-s21195-w4	4
a-tlg0007.tlg004-17.4-s33700-w4	14
a-tlg0012.tlg001-22.484-22.485-s20343-w15	11
a-tlg0011.tlg005-703-704-s30016-w12	8
a-tlg0012.tlg002-20.131-s8444-w10	7
a-tlg0085.tlg005-1488-s22643-w5	4
a-tlg0011.tlg002-388-s18866-w5	4
a-tlg0011.tlg002-889-890-s19138-w15	6
a-tlg0003.tlg001-1.123.1-s23509-w84	9
a-tlg0085.tlg001-296-s18273-w7	5
a-tlg0085.tlg003-160-161-s1139-w10	8
a-tlg0003.tlg001-1.76.3-s23212-w21	19
a-tlg0011.tlg004-846-847-s7929-w10	13
a-tlg0012.tlg001-19.409-19.410-s26993-w15	4
a-tlg0012.tlg002-1.226-s15571-w6	4
a-tlg0085.tlg006-150-151-s31475-w12	9
a-tlg0085.tlg003-537-539-s1317-w16	13
a-tlg0543.tlg001-1.57-s12902-w46	42
a-tlg0085.tlg001-220-s18232-w8	6
a-tlg0016.tlg001-1.91.1-s6106-w5	7
a-tlg0012.tlg002-3.124-3.125-s1708-w18	6
a-tlg0016.tlg001-1.142.4-s6494-w30	24
a-tlg0011.tlg004-1061-s8087-w5	3
a-tlg0003.tlg001-1.23.2-s22870-w21	6
a-tlg0012.tlg002-20.201-s8489-w11	8
a-tlg0011.tlg003-341-s2096-w4	2
a-tlg0003.tlg001-1.35.4-s22957-w33	4
a-tlg0012.tlg001-5.245-5.246-s32298-w15	5
a-tlg0012.tlg002-2.410-2.411-s3587-w8	4
a-tlg0011.tlg004-89-s7477-w1	3
a-tlg0543.tlg001-1.42-s12748-w15	3
a-tlg0012.tlg002-5.305-s32068-w7	5
a-tlg0008.tlg001-12.73-s16588-w3	34
a-tlg0012.tlg002-16.88-16.89-s29431-w19	13
a-tlg0012.tlg001-24.398-24.399-s28119-w5	3
a-tlg0016.tlg001-1.179-s6719-w5	3
a-tlg0012.tlg002-1.152-s15526-w7	3
a-tlg0085.tlg005-312-313-s22046-w13	10
a-tlg0012.tlg001-2.803-2.804-s31367-w17	5
a-tlg0012.tlg001-16.745-s11451-w12	9
a-tlg0012.tlg002-20.294-20.295-s8545-w17	13
a-tlg0008.tlg001-13.61-s14939-w6	4
a-tlg0059.tlg001-urn:cts:greekLit:tlg0059.tlg001:1-s7021-w4	2
a-tlg0011.tlg004-1517-s8353-w6	4
a-tlg0007.tlg004-19.3-s33726-w2	13
a-tlg0012.tlg001-22.129-s20143-w8	6
a-tlg0085.tlg007-34-s4960-w16	13
a-tlg0085.tlg005-930-s22305-w11	7
a-tlg0011.tlg004-617-s7782-w8	6
a-tlg0543.tlg001-10.10.1-s28682-w5	6
a-tlg0543.tlg001-9.12.1-s26179-w1	13
a-tlg0540.tlg023-12-s30-w19	16
a-tlg0003.tlg001-1.141.3-s23640-w14	8
a-tlg0011.tlg005-308-309-s29769-w7	8
a-tlg0011.tlg002-1281-s19330-w3	7
a-tlg0011.tlg005-197-200-s29721-w25	3
a-tlg0085.tlg003-393-s1263-w9	5
a-tlg0085.tlg004-849-851-s25858-w17	5
a-tlg0003.tlg001-1.47.3-s23025-w9	8
a-tlg0011.tlg005-75-76-s29684-w9	6
a-tlg0011.tlg005-339-340-s29795-w10	10
a-tlg0012.tlg002-9.359-s4518-w6	6
a-tlg0012.tlg002-13.330-s25403-w9	6
a-tlg0011.tlg005-1215-s30361-w6	4
a-tlg0085.tlg005-805-807-s22249-w15	13
a-tlg0543.tlg001-9.20.2-s26265-w18	62
a-tlg0003.tlg001-1.142.1-s23649-w9	7
a-tlg0012.tlg001-18.106-s9011-w5	5
a-tlg0060.tlg001-11.3.1-s9332-w26	23
a-tlg0003.tlg001-1.123.1-s23509-w83	10
a-tlg0008.tlg001-12.65-s16495-w3	7
a-tlg0020.tlg002-678-s33341-w24	21
a-tlg0012.tlg001-3.178-3.179-s26618-w16	13
a-tlg0016.tlg001-1.171-s6659-w9	15
a-tlg0012.tlg002-20.355-20.356-s8583-w16	7
a-tlg0085.tlg001-972-974-s18635-w8	6
a-tlg0012.tlg002-2.244-2.245-s3494-w10	7
a-tlg0011.tlg004-291-s7571-w5	3
a-tlg0016.tlg001-1.126.5-s6392-w23	10
a-tlg0543.tlg001-9.24.3-s26299-w41	16
a-tlg0012.tlg002-9.366-s4524-w6	4
a-tlg0003.tlg001-1.2.1-s22746-w30	4
a-tlg0543.tlg001-1.3-s12270-w3	10
a-tlg0011.tlg001-332-s2843-w6	4
a-tlg0059.tlg001-urn:cts:greekLit:tlg0059.tlg001:1-s7123-w16	4
a-tlg0003.tlg001-1.75.5-s23208-w13	11
a-tlg0543.tlg001-10.43.10-s29044-w16	13
a-tlg0012.tlg002-11.464-s10972-w6	3
a-tlg0012.tlg002-4.197-4.198-s27531-w18	13
a-tlg0060.tlg001-11.5.5-s9376-w11	19
a-tlg0011.tlg002-836-837-s19117-w10	8
a-tlg0012.tlg002-7.241-7.242-s13922-w17	10
a-tlg0059.tlg001-urn:cts:greekLit:tlg0059.tlg001:1-s7389-w5	5
a-tlg0008.tlg001-13.26-s14386-w19	19
a-tlg0012.tlg002-14.390-14.392-s32871-w29	16
a-tlg0012.tlg001-2.118-s31051-w4	4
a-tlg0543.tlg001-10.48.1-s29109-w1	6
a-tlg0020.tlg002-140-s33041-w14	2
a-tlg0012.tlg002-12.89-12.92-s29175-w5	8
a-tlg0543.tlg001-1.4-s12282-w51	48
a-tlg0016.tlg001-1.179-s6721-w8	6
a-tlg0011.tlg003-264-s2045-w10	8
a-tlg0016.tlg001-1.148.1-s6520-w4	16
a-tlg0012.tlg001-17.252-17.253-s30714-w4	5
a-tlg0059.tlg001-urn:cts:greekLit:tlg0059.tlg001:1-s7092-w42	7
a-tlg0011.tlg002-437-439-s18889-w19	6
a-tlg0011.tlg002-1174-s19275-w6	4
a-tlg0012.tlg001-17.415-17.417-s30795-w19	10
a-tlg0012.tlg002-7.36-s13818-w11	6
a-tlg0020.tlg003-1.447-1.448-s13779-w5	13
a-tlg0016.tlg001-1.196-s6850-w23	14
a-tlg0059.tlg001-urn:cts:greekLit:tlg0059.tlg001:1-s7281-w29	3
a-tlg0012.tlg001-15.563-s3887-w9	6
a-tlg0085.tlg006-688-690-s31743-w18	4
a-tlg0011.tlg004-545-546-s7724-w11	3
a-tlg0085.tlg004-679-680-s25767-w10	8
a-tlg0020.tlg001-1.321-1.324-s10432-w36	2
a-tlg0012.tlg001-14.386-14.387-s28540-w5	7
a-tlg0020.tlg002-765-s33429-w12	3
a-tlg0540.tlg014-1-47-s26051-w29	24
a-tlg0012.tlg002-24.255-s21178-w4	4
a-tlg0085.tlg006-173-s31489-w8	6
a-tlg0543.tlg001-9.33.12-s26405-w9	7
a-tlg0011.tlg005-295-s29762-w7	5
a-tlg0016.tlg001-1.172-s6667-w7	5
a-tlg0085.tlg001-1048-1049-s18669-w4	6
a-tlg0011.tlg005-1238-s30385-w9	2
a-tlg0011.tlg001-727-728-s3056-w17	13
a-tlg0012.tlg001-2.295-2.296-s31145-w4	6
a-tlg0016.tlg001-1.32-s5677-w10	23
a-tlg0059.tlg001-urn:cts:greekLit:tlg0059.tlg001:1-s7095-w46	4
a-tlg0012.tlg002-5.299-s32064-w13	4
a-tlg0012.tlg001-17.228-s30701-w6	4
a-tlg0011.tlg004-985-986-s8011-w15	10
a-tlg0085.tlg003-46-47-s1073-w13	12
a-tlg0012.tlg001-5.531-s32453-w8	6
a-tlg0011.tlg001-943-s3161-w3	2
a-tlg0085.tlg002-254-255-s11610-w10	5
a-tlg0012.tlg002-12.127-12.130-s29200-w25	2
a-tlg0085.tlg001-858-860-s18564-w10	4
a-tlg0020.tlg002-448-s33228-w6	4
a-tlg0085.tlg007-64-s4977-w9	7
a-tlg0012.tlg001-16.675-s11414-w4	4
a-tlg0085.tlg003-514-s1305-w7	5
a-tlg0011.tlg002-877-880-s19133-w11	9
a-tlg0016.tlg001-1.151-s6533-w16	13
a-tlg0020.tlg002-202-s33088-w10	7
a-tlg0085.tlg005-456-s22102-w8	5
a-tlg0012.tlg001-1.525-1.526-s8902-w11	9
a-tlg0085.tlg005-272-s22020-w6	4
a-tlg0012.tlg001-3.60-3.62-s26553-w6	24
a-tlg0011.tlg002-548-s18964-w9	7
a-tlg0011.tlg005-770-s30049-w4	3
a-tlg0012.tlg001-19.150-s26860-w7	5
a-tlg0011.tlg004-935-s7967-w5	3
a-tlg0011.tlg004-1293-s8236-w8	6
a-tlg0008.tlg001-13.8-s14088-w14	11
a-tlg0011.tlg002-710-711-s19049-w21	16
a-tlg0011.tlg002-370-371-s18854-w10	8
a-tlg0543.tlg001-9.14.9-s26209-w25	12
a-tlg0085.tlg006-135-137-s31468-w6	4
a-tlg0012.tlg002-3.196-3.198-s1744-w24	18
a-tlg0020.tlg002-274-s33136-w9	7
a-tlg0012.tlg001-3.226-3.227-s26644-w19	18
a-tlg0012.tlg001-16.55-s11090-w5	8
a-tlg0085.tlg006-239-241-s31532-w3	4
a-tlg0085.tlg003-17-s1051-w7	5
a-tlg0011.tlg005-417-419-s29863-w4	15
a-tlg0011.tlg003-1062-1065-s2488-w5	12
a-tlg0020.tlg001-1.762-1.765-s10617-w31	6
a-tlg0003.tlg001-1.71.3-s23172-w10	11
a-tlg0020.tlg001-1.321-1.324-s10432-w35	4
a-tlg0012.tlg001-21.291-21.292-s4144-w8	7
a-tlg0085.tlg004-879-880-s25867-w11	9
a-tlg0012.tlg001-13.222-13.223-s17454-w14	11
a-tlg0085.tlg002-737-s11828-w10	6
a-tlg0543.tlg001-1.56-s12895-w22	8
a-tlg0085.tlg004-519-520-s25699-w22	5
a-tlg0011.tlg001-230-231-s2786-w10	8
a-tlg0012.tlg001-24.301-s28064-w10	8
a-tlg0012.tlg001-2.119-2.122-s31052-w5	21
a-tlg0008.tlg001-13.92-s15405-w2	2
a-tlg0012.tlg002-20.52-20.53-s8404-w14	7
a-tlg0011.tlg001-497-s2956-w11	5
a-tlg0011.tlg005-275-276-s29751-w14	11
a-tlg0012.tlg001-9.25-s59-w4	4
a-tlg0059.tlg001-urn:cts:greekLit:tlg0059.tlg001:1-s7092-w4	9
a-tlg0012.tlg001-3.365-s26717-w10	8
a-tlg0059.tlg001-urn:cts:greekLit:tlg0059.tlg001:1-s7286-w9	6
a-tlg0020.tlg002-641-s33324-w20	2
a-tlg0085.tlg006-910-s31875-w10	6
a-tlg0085.tlg003-842-843-s1490-w4	12
a-tlg0008.tlg001-13.45-s14661-w11	8
a-tlg0016.tlg001-1.148.1-s6521-w4	25
a-tlg0011.tlg005-1019-1020-s30216-w10	8
a-tlg0020.tlg002-320-s33173-w10	8
a-tlg0011.tlg005-316-s29776-w5	3
a-tlg0020.tlg002-641-s33337-w10	2
a-tlg0540.tlg012-86-s21561-w26	23
a-tlg0008.tlg001-13.92-s15405-w8	2
a-tlg0085.tlg002-87-90-s11533-w15	12
a-tlg0543.tlg001-9.24.3-s26299-w43	11
a-tlg0016.tlg001-1.32-s5673-w18	10
a-tlg0008.tlg001-13.14-s14193-w4	6
a-tlg0008.tlg001-12.2, 510c2-s15696-w8	4
a-tlg0008.tlg001-13.13-s14174-w38	3
a-tlg0085.tlg005-601-604-s22181-w18	14
a-tlg0003.tlg001-1.126.6-s23527-w25	24
a-tlg0012.tlg001-17.201-17.202-s30687-w9	13
a-tlg0016.tlg001-1.76-s5977-w19	18
a-tlg0008.tlg001-12.79-s16718-w19	17
a-tlg0012.tlg002-17.312-s17956-w11	8
a-tlg0059.tlg001-urn:cts:greekLit:tlg0059.tlg001:1-s7054-w15	11
a-tlg0011.tlg005-1221-s30368-w6	4
a-tlg0011.tlg003-268-s2047-w11	7
a-tlg0012.tlg001-24.726-24.728-s28292-w21	11
a-tlg0085.tlg005-133-138-s21968-w23	15
a-tlg0007.tlg015--s27032-w16	14
a-tlg0003.tlg001-1.71.2-s23171-w15	12
a-tlg0012.tlg002-5.477-s32160-w9	2
a-tlg0085.tlg005-902-s22287-w7	5
a-tlg0020.tlg002-202-s33082-w11	7
a-tlg0011.tlg005-1215-s30360-w5	3
a-tlg0008.tlg001-13.15-s14212-w13	11
a-tlg0543.tlg001-9.6.4-s26121-w5	12
a-tlg0085.tlg002-688-690-s11788-w15	5
a-tlg0085.tlg007-744-s5329-w3	5
a-tlg0012.tlg002-6.158-6.159-s25122-w18	14
a-tlg0012.tlg002-7.108-7.110-s13855-w20	15
a-tlg0008.tlg001-12.29-s16058-w14	2
a-tlg0008.tlg001-13.33-s14474-w7	5
a-tlg0012.tlg002-1.417-1.419-s15676-w8	6
a-tlg0012.tlg002-22.136-22.137-s843-w12	5
a-tlg0085.tlg003-72-s1094-w9	3
a-tlg0012.tlg002-2.60-s3390-w9	6
a-tlg0011.tlg002-569-s18986-w4	4
a-tlg0008.tlg001-13.45-s14666-w4	5
a-tlg0085.tlg003-248-s1172-w9	7
a-tlg0085.tlg006-520-521-s31666-w14	11
a-tlg0085.tlg006-170-s31485-w3	4
a-tlg0085.tlg003-771-s1452-w5	7
a-tlg0085.tlg001-162-163-s18197-w11	8
a-tlg0543.tlg001-10.10.1-s28682-w19	7
a-tlg0003.tlg001-1.37.1-s22967-w56	51
a-tlg0012.tlg001-11.469-s19614-w5	3
a-tlg0012.tlg002-4.206-4.211-s27538-w50	34
a-tlg0012.tlg001-24.413-24.415-s28128-w27	4
a-tlg0085.tlg006-733-s31763-w4	5
a-tlg0008.tlg001-13.93-s15425-w3	6
a-tlg0012.tlg002-19.43-s448-w4	7
a-tlg0059.tlg001-urn:cts:greekLit:tlg0059.tlg001:1-s7123-w1	5
a-tlg0012.tlg001-5.724-5.725-s32556-w16	5
a-tlg0011.tlg004-429-s7665-w9	7
a-tlg0012.tlg001-21.437-21.438-s4230-w15	13
a-tlg0085.tlg004-580-583-s25724-w28	3
a-tlg0543.tlg001-1.65-s12987-w23	26
a-tlg0085.tlg007-213-s5058-w9	12
a-tlg0012.tlg002-16.445-16.447-s29629-w7	7
a-tlg0012.tlg001-17.76-17.78-s30621-w20	16
a-tlg0543.tlg001-10.46.6-s29084-w3	5
a-tlg0012.tlg002-17.499-s18072-w12	6
a-tlg0020.tlg002-800-s33437-w17	4
a-tlg0543.tlg001-10.45.5-s29067-w4	4
a-tlg0003.tlg001-1.120.3-s23483-w5	6
a-tlg0085.tlg003-698-699-s1405-w11	9
a-tlg0085.tlg006-135-s31467-w5	3
a-tlg0003.tlg001-1.24.1-s22877-w2	9
a-tlg0011.tlg003-504-505-s2183-w16	8
a-tlg0016.tlg001-1.98.5-s6181-w32	3
a-tlg0059.tlg001-urn:cts:greekLit:tlg0059.tlg001:1-s7267-w7	5
a-tlg0011.tlg002-634-s19015-w9	6
a-tlg0012.tlg001-11.787-s19784-w8	5
a-tlg0085.tlg005-940-s22315-w3	4
a-tlg0012.tlg001-18.309-s9134-w9	2
a-tlg0060.tlg001-11.89.1-s10253-w11	28
a-tlg0012.tlg002-20.313-s8560-w7	5
a-tlg0543.tlg001-1.13-s12367-w2	15
a-tlg0016.tlg001-1.104.1-s6203-w1	15
a-tlg0543.tlg001-1.15-s12403-w17	15
a-tlg0012.tlg002-5.411-5.414-s32123-w34	2
a-tlg0011.tlg002-520-s18947-w10	8
a-tlg0011.tlg001-552-553-s2977-w14	10
a-tlg0016.tlg001-1.39-s5729-w17	13
a-tlg0012.tlg001-7.52-s19846-w11	8
a-tlg0020.tlg002-202-s33086-w8	6
a-tlg0085.tlg003-766-s1447-w7	5
a-tlg0085.tlg001-923-s18604-w11	8
a-tlg0011.tlg005-6-7-s29654-w12	7
a-tlg0011.tlg003-682-683-s2279-w6	7
a-tlg0012.tlg001-11.514-11.515-s19635-w16	14
a-tlg0012.tlg002-17.586-s18136-w7	4
a-tlg0085.tlg005-461-462-s22105-w8	6
a-tlg0007.tlg004-27.4-s33841-w10	8
a-tlg0012.tlg002-24.190-s21147-w4	4
a-tlg0011.tlg005-696-s30012-w6	3
a-tlg0016.tlg001-1.32-s5670-w13	24
a-tlg0020.tlg002-11-s32965-w11	2
a-tlg0012.tlg001-12.63-s24844-w7	4
a-tlg0012.tlg002-15.533-15.534-s24799-w19	3
a-tlg0011.tlg004-927-s7960-w11	2
a-tlg0012.tlg001-24.130-24.131-s27978-w9	6
a-tlg0059.tlg001-urn:cts:greekLit:tlg0059.tlg001:1-s7064-w4	2
a-tlg0020.tlg001-1.153-s10360-w9	6
a-tlg0085.tlg002-286-s11626-w6	4
a-tlg0012.tlg002-16.207-16.210-s29501-w37	30
a-tlg0012.tlg001-3.156-3.157-s26603-w15	13
a-tlg0085.tlg001-464-s18379-w4	2
a-tlg0016.tlg001-1.89.2-s6089-w5	5
a-tlg0012.tlg002-15.392-s24713-w6	3
a-tlg0059.tlg001-urn:cts:greekLit:tlg0059.tlg001:1-s7205-w30	4
a-tlg0011.tlg004-408-409-s7653-w11	8
a-tlg0012.tlg002-1.392-1.393-s15662-w11	2
a-tlg0012.tlg001-24.768-24.772-s28314-w41	7
a-tlg0540.tlg001-1-50-s20937-w17	21
a-tlg0011.tlg005-1497-1498-s30567-w16	14
a-tlg0085.tlg007-436-s5176-w20	15
a-tlg0085.tlg002-1044-s11969-w6	4
a-tlg0012.tlg001-17.176-17.178-s30675-w26	22
a-tlg0016.tlg001-1.183-s6746-w38	8
a-tlg0012.tlg001-23.590-s24295-w13	3
a-tlg0012.tlg002-19.221-19.222-s554-w12	8
a-tlg0012.tlg001-21.184-21.185-s4087-w11	9
a-tlg0020.tlg002-274-s33132-w20	16
a-tlg0540.tlg001-1-50-s21022-w3	8
a-tlg0085.tlg006-757-s31773-w7	5
a-tlg0008.tlg001-13.16-s14220-w20	17
a-tlg0012.tlg002-2.87-2.88-s3408-w8	6
a-tlg0543.tlg001-1.56-s12901-w15	13
a-tlg0011.tlg005-864-s30116-w5	3
a-tlg0012.tlg002-8.150-8.151-s20681-w16	2
a-tlg0085.tlg003-16-s1050-w9	7
a-tlg0016.tlg001-1.7-s5503-w22	4
a-tlg0008.tlg001-13.20-s14284-w13	12
a-tlg0012.tlg001-16.457-s11298-w4	4
a-tlg0012.tlg002-11.353-s10915-w4	5
a-tlg0008.tlg001-13.78-s15177-w1	4
a-tlg0085.tlg005-1541-s22667-w6	4
a-tlg0012.tlg002-2.181-2.182-s3464-w16	4
a-tlg0012.tlg001-2.796-2.797-s31362-w8	12
a-tlg0012.tlg002-17.583-17.584-s18134-w21	13
a-tlg0085.tlg001-760-761-s18516-w2	7
a-tlg0008.tlg001-13.91-s15392-w20	17
a-tlg0012.tlg001-20.131-s17138-w7	4
a-tlg0008.tlg001-12.62-s16450-w13	12
a-tlg0008.tlg001-13.20-s14268-w7	5
a-tlg0085.tlg003-515-s1306-w4	4
a-tlg0012.tlg001-10.225-10.226-s16871-w20	3
a-tlg0008.tlg001-13.62-s14948-w1	19
a-tlg0012.tlg002-17.284-17.285-s17942-w13	9
a-tlg0085.tlg005-948-949-s22322-w12	10
a-tlg0003.tlg001-1.93.2-s23322-w8	11
a-tlg0003.tlg001-1.121.2-s23488-w46	19
a-tlg0016.tlg001-1.199-s6885-w5	6
a-tlg0003.tlg001-1.35.5-s22959-w39	12
a-27010-w15	11
a-tlg0085.tlg005-818-s22254-w9	6
a-tlg0016.tlg001-1.153-s6548-w12	4
a-tlg0085.tlg004-423-426-s25658-w34	7
a-tlg0012.tlg001-16.707-16.709-s11431-w24	22
a-tlg0012.tlg001-3.168-3.170-s26610-w7	5
a-tlg0016.tlg001-1.35-s5694-w1	9
a-tlg0085.tlg005-550-s22151-w13	10
a-tlg0020.tlg002-274-s33133-w11	7
a-tlg0012.tlg001-21.568-21.570-s4308-w22	6
a-tlg0543.tlg001-9.44.1-s26516-w13	17
a-tlg0016.tlg001-1.42-s5743-w7	10
a-tlg0016.tlg001-1.196-s6849-w9	8
a-tlg0059.tlg001-urn:cts:greekLit:tlg0059.tlg001:1-s7281-w30	4
a-tlg0016.tlg001-1.56-s5811-w13	3
a-tlg0012.tlg001-10.402-10.404-s16970-w20	16
a-tlg0012.tlg001-20.107-s17127-w5	2
a-tlg0085.tlg001-514-s18416-w4	5
a-tlg0012.tlg001-19.92-s26826-w7	5
a-tlg0011.tlg002-786-790-s19105-w14	5
a-tlg0020.tlg002-678-s33349-w3	4
a-tlg0008.tlg001-13.51-s14792-w25	12
a-tlg0007.tlg004-6.2-s33533-w12	3
a-tlg0085.tlg001-201-s18213-w7	5
a-tlg0085.tlg004-838-839-s25850-w9	6
a-tlg0085.tlg002-811-812-s11874-w13	2
a-tlg0012.tlg002-20.333-s8569-w13	8
a-tlg0011.tlg002-1310-1311-s19347-w11	2
a-tlg0016.tlg001-1.203-s6910-w4	24
a-tlg0016.tlg001-1.160-s6598-w5	9
a-tlg0012.tlg001-17.19-s30591-w9	7
a-tlg0016.tlg001-1.98.5-s6181-w29	4
a-tlg0020.tlg002-678-s33353-w9	7
a-tlg0012.tlg001-10.225-10.226-s16871-w19	3
a-tlg0011.tlg004-941-s7975-w8	6
a-tlg0008.tlg001-12.4, 511f1-s15723-w21	19
a-tlg0012.tlg002-4.156-4.157-s27511-w19	13
a-tlg0011.tlg002-522-s18949-w12	8
a-tlg0012.tlg001-21.498-21.499-s4265-w8	5
a-tlg0012.tlg002-8.479-8.481-s20867-w8	19
a-tlg0012.tlg001-18.302-s9130-w4	8
a-tlg0543.tlg001-9.34.7-s26411-w20	18
a-tlg0543.tlg001-1.56-s12893-w1	11
a-tlg0012.tlg002-2.276-2.277-s3508-w20	4
a-tlg0011.tlg005-981-983-s30197-w24	13
a-tlg0012.tlg001-22.477-s20339-w5	3
a-tlg0060.tlg001-11.89.2-s10255-w5	36
a-tlg0012.tlg001-13.244-s17467-w6	3
a-tlg0011.tlg001-967-s3170-w8	6
a-tlg0012.tlg002-2.132-2.133-s3432-w16	11
a-tlg0012.tlg002-1.359-s15641-w4	4
a-tlg0085.tlg005-1437-s22624-w9	7
a-tlg0020.tlg003-1.93-s13590-w5	3
a-tlg0011.tlg004-420-423-s7661-w29	5
a-tlg0012.tlg002-4.74-4.75-s27472-w14	13
a-tlg0085.tlg003-936-s1540-w7	5
a-tlg0085.tlg005-927-928-s22303-w10	7
a-tlg0007.tlg004-9.5-s33572-w8	6
a-tlg0085.tlg005-1304-s22537-w8	6
a-tlg0020.tlg002-800-s33437-w16	7
a-tlg0011.tlg003-1374-1375-s2667-w16	12
a-tlg0008.tlg001-13.51-s14795-w3	4
a-tlg0007.tlg015--s27109-w5	3
a-tlg0011.tlg004-1145-s8144-w2	8
a-tlg0059.tlg001-urn:cts:greekLit:tlg0059.tlg001:1-s7389-w16	5
a-tlg0012.tlg002-4.318-4.321-s27596-w35	21
a-tlg0008.tlg001-12.11-s15828-w8	8
a-tlg0012.tlg001-20.243-s17200-w6	4
a-tlg0012.tlg001-7.282-s19966-w6	4
a-tlg0012.tlg001-23.427-s24189-w10	3
a-tlg0011.tlg002-484-485-s18918-w20	2
a-tlg0085.tlg004-1050-s25953-w8	6
a-tlg0012.tlg001-8.102-8.104-s13307-w34	3
a-tlg0012.tlg001-13.72-s17372-w6	3
a-tlg0012.tlg002-11.373-s10924-w9	5
a-tlg0020.tlg002-571-s33298-w38	3
a-tlg0020.tlg002-479-s33248-w14	5
a-tlg0020.tlg002-274-s33141-w11	3
a-tlg0012.tlg001-2.130-2.133-s31055-w8	20
a-tlg0012.tlg001-5.891-s32646-w12	2
a-tlg0011.tlg002-1160-s19265-w8	5
a-tlg0007.tlg004-18.1-s33708-w10	20
a-tlg0016.tlg001-1.198-s6869-w15	5
a-tlg0011.tlg001-1230-1231-s3332-w17	4
a-tlg0012.tlg001-12.410-12.411-s25002-w4	12
a-tlg0543.tlg001-10.27.1-s28856-w1	30
a-tlg0012.tlg002-13.312-13.313-s25394-w15	9
a-tlg0011.tlg002-730-s19060-w3	5
a-tlg0085.tlg001-397-s18345-w6	4
a-tlg0020.tlg002-320-s33147-w10	3
a-tlg0012.tlg002-8.390-8.391-s20817-w15	3
a-tlg0020.tlg002-320-s33163-w6	4
a-tlg0059.tlg001-urn:cts:greekLit:tlg0059.tlg001:1-s7399-w19	14
a-tlg0085.tlg007-94-s4994-w3	5
a-tlg0085.tlg001-749-s18510-w5	3
a-tlg0012.tlg001-5.643-s32516-w11	3
a-tlg0085.tlg006-920-s31885-w8	5
a-tlg0085.tlg007-976-s5433-w8	6
a-tlg0011.tlg004-1501-1502-s8344-w16	6
a-tlg0059.tlg001-urn:cts:greekLit:tlg0059.tlg001:1-s7273-w7	10
a-tlg0085.tlg001-439-441-s18362-w9	9
a-tlg0059.tlg001-urn:cts:greekLit:tlg0059.tlg001:1-s7249-w25	3
a-tlg0012.tlg001-20.367-20.368-s17263-w20	8
a-tlg0012.tlg002-23.81-23.82-s33951-w17	12
a-tlg0011.tlg005-80-s29687-w2	4
a-tlg0012.tlg001-2.196-2.197-s31090-w4	4
a-tlg0059.tlg001-urn:cts:greekLit:tlg0059.tlg001:1-s7258-w8	7
a-tlg0085.tlg004-766-767-s25812-w8	6
a-tlg0008.tlg001-13.33-s14481-w11	4
a-tlg0012.tlg001-24.774-24.775-s28316-w22	3
a-tlg0011.tlg002-262-263-s18805-w16	2
a-tlg0085.tlg002-109-110-s11538-w11	9
a-tlg0011.tlg002-1195-s19291-w5	3
a-tlg0011.tlg004-674-675-s7824-w7	8
a-tlg0012.tlg001-23.80-23.81-s23997-w17	12
a-tlg0012.tlg001-9.699-s410-w4	4
a-tlg0016.tlg001-1.178-s6711-w7	10
a-tlg0543.tlg001-9.29.2-s26355-w3	55
a-tlg0011.tlg005-964-966-s30190-w5	17
a-tlg0011.tlg004-998-999-s8024-w14	7
a-tlg0540.tlg012-84-s21557-w30	26
a-tlg0085.tlg004-625-s25742-w4	5
a-tlg0012.tlg002-24.321-24.322-s21214-w22	9
a-tlg0085.tlg005-1541-s22668-w5	3
a-tlg0020.tlg002-800-s33446-w4	5
a-tlg0085.tlg004-656-s25755-w9	6
a-tlg0011.tlg005-847-s30106-w5	4
a-tlg0008.tlg001-13.14-s14199-w4	12
a-tlg0008.tlg001-12.57-s16376-w32	28
a-tlg0016.tlg001-1.32-s5678-w11	8
a-tlg0011.tlg004-954-s7985-w5	4
a-tlg0008.tlg001-13.13-s14174-w40	3
a-tlg0059.tlg001-urn:cts:greekLit:tlg0059.tlg001:1-s7406-w8	6
a-tlg0012.tlg001-2.226-2.228-s31110-w24	4
a-tlg0085.tlg003-750-751-s1431-w12	10
a-tlg0008.tlg001-13.6-s14058-w6	6
a-tlg0012.tlg002-1.392-s15661-w8	5
a-tlg0012.tlg002-6.26-6.28-s25043-w12	17
a-tlg0008.tlg001-12.63-s16476-w22	2
a-tlg0085.tlg001-370-s18332-w10	2
a-tlg0085.tlg007-254-s5089-w4	6
a-tlg0059.tlg001-urn:cts:greekLit:tlg0059.tlg001:1-s7047-w13	6
a-tlg0011.tlg005-915-s30147-w2	4
a-tlg0085.tlg004-412-414-s25652-w15	3
a-tlg0012.tlg001-4.345-4.346-s4816-w14	9
a-tlg0011.tlg002-1333-s19358-w4	2
a-tlg0020.tlg002-706-s33374-w16	6
a-tlg0008.tlg001-13.73-s15126-w8	7
a-tlg0543.tlg001-10.16.2-s28757-w1	12
a-tlg0012.tlg001-1.229-1.230-s8731-w4	14
a-tlg0011.tlg004-620-621-s7784-w16	2
